<?xml version="1.0" encoding="UTF-8"?>
<project-private xmlns="http://www.netbeans.org/ns/project-private/1">
    <editor-bookmarks xmlns="http://www.netbeans.org/ns/editor-bookmarks/2" lastBookmarkId="0"/>
    <open-files xmlns="http://www.netbeans.org/ns/projectui-open-files/2">
        <group>
            <file>file:/C:/Users/Dumah/Desktop/Vuelos/src/modelo/dao/ICrud.java</file>
            <file>file:/C:/Users/Dumah/Desktop/Vuelos/src/modelo/dao/Persistencia.java</file>
            <file>file:/C:/Users/Dumah/Desktop/Vuelos/src/modelo/dto/Pasajero.java</file>
            <file>file:/C:/Users/Dumah/Desktop/Vuelos/src/modelo/dto/Vuelo.java</file>
            <file>file:/C:/Users/Dumah/Desktop/Vuelos/src/module-info.java</file>
            <file>file:/C:/Users/Dumah/Desktop/Vuelos/src/vista/VueloView.java</file>
            <file>file:/C:/Users/Dumah/Desktop/Vuelos/src/controller/VueloController.java</file>
            <file>file:/C:/Users/Dumah/Desktop/Vuelos/src/modelo/dto/Asiento.java</file>
            <file>file:/C:/Users/Dumah/Desktop/Vuelos/src/modelo/dao/VueloDAO.java</file>
        </group>
    </open-files>
</project-private>
